{"cameraMode":{"drawMode":0,"name":"Shaded","section":"Shading Mode"},"sceneLighting":true,"audioPlay":false,"sceneViewState":{"showFog":true,"showMaterialUpdate":false,"showSkybox":true,"showFlares":true,"showImageEffects":true,"showParticleSystems":true},"in2DMode":false,"pivot":{"x":6.185923099517822,"y":-177.52920532226563,"z":317.2299499511719},"rotation":{"x":0.25310394167900088,"y":0.009280631318688393,"z":-0.0024279796052724125,"w":0.9673915505409241},"size":378.2240905761719,"orthographic":false}